Вакансия,Link,Компания,Город,Мин ЗП,Макс ЗП,Валюта
Специалист по документообороту,https://hh.ru/vacancy/47086525,Минский колледж предпринимательства,Минск,1000,,бел.руб.
Специалист по документообороту/делопроизводитель,https://hh.ru/vacancy/47050522,ООО АвтоТахограф,Санкт-Петербург,35000,40000,руб.
Специалист по документообороту/ Оператор 1С,https://hh.ru/vacancy/47126150,Клавторг,Москва,65000,,руб.
Ведущий специалист по ведению документооборота,https://hh.ru/vacancy/47099156,Pony Express,Москва,64500,64500,руб.
Специалист по документообороту (Транспортная логистика),https://hh.ru/vacancy/47031694,ООО BTG Internationale Spedition,Москва,60000,80000,руб.
Секретарь-делопроизводитель,https://hh.ru/vacancy/47130721,Мегалит,Санкт-Петербург,60000,60000,руб.
Офис-менеджер (делопроизводитель),https://hh.ru/vacancy/47120423,АО Инжиниринговый Центр Технодинамика,Москва,70000,77000,руб.
Специалист по документообороту в отделе аренде,https://hh.ru/vacancy/47150940,ООО Агропарк Сервис,Самара,,35000,руб.
Специалист канцелярии,https://hh.ru/vacancy/47125455,АО Газпром-Медиа,Москва,40000,45000,руб.
Специалист по документообороту/Администратор отдела продаж,https://hh.ru/vacancy/47018602,ООО ПОС МЕДИА,Москва,60000,80000,руб.
Специалист учета и контроля документов/делопроизводитель,https://hh.ru/vacancy/47078617,ООО ГЭХ ЗАКУПКИ,Москва,61500,,руб.
Секретарь-делопроизводитель,https://hh.ru/vacancy/47100704,ООО ТрансЛом,Новосибирск,37000,50000,руб.
Специалист по документообороту,https://hh.ru/vacancy/47127549,ООО Технологии Влияния,Москва,50000,70000,руб.
Специалист по документообороту,https://hh.ru/vacancy/47146091,STALOGISTIC,Новороссийск,30000,40000,руб.
Специалист по документообороту,https://hh.ru/vacancy/47004880,ООО Строительная Компания Империя,Москва,47000,50000,руб.
Специалист по документообороту,https://hh.ru/vacancy/47108280,Фокина Анастасия,Пушкино (Московская область),40000,,руб.
Администратор (Делопроизводитель),https://hh.ru/vacancy/47062307,ООО Спутник,Москва,85000,,руб.
Специалист по документообороту (работник архива),https://hh.ru/vacancy/47147532,ООО УТЕКО,Уфа,,,
Старший специалист по документообороту,https://hh.ru/vacancy/46947474,Билайн,Москва,,,
Специалист по документообороту,https://hh.ru/vacancy/47159714,ООО ТК Арион,Мытищи,45000,,руб.
Секретарь-делопроизводитель,https://hh.ru/vacancy/47130768,Ипигаз,Москва,70000,75000,руб.
Ведущий специалист по документообороту (инженерное оборудование) / секретарь / помощник руководителя,https://hh.ru/vacancy/47120663,"VIAPLAST, завод инженерного оборудования",Нижний Новгород,32000,48000,руб.
Делопроизводитель,https://hh.ru/vacancy/47134980,РЖД-Медицина,Краснодар,25000,,руб.
Делопроизводитель,https://hh.ru/vacancy/47114471,Кемеровская таможня,Кемерово,17000,30000,руб.
Специалист по документообороту сектора по работе с поставщиками,https://hh.ru/vacancy/47129279,Магнит Фарма,Краснодар,,35000,руб.
Помощник руководителя (секретарь) делопроизводитель,https://hh.ru/vacancy/47081836,ЯнтарьСервисБалтик,Омск,50000,,руб.
Специалист по работе с документами,https://hh.ru/vacancy/47142735,Цифрал-Сервис,Пенза,26000,,руб.
Специалист по документообороту,https://hh.ru/vacancy/46942206,ООО ДАКСЕР,Лобня,,47000,руб.
Делопроизводитель,https://hh.ru/vacancy/46850400,ООО ТЭК Юг,Новороссийск,45000,50000,руб.
Специалист по документообороту в Отдел по расчетам с сотрудниками,https://hh.ru/vacancy/47149627,Rambler Group,Москва,,,
Специалист по документообороту,https://hh.ru/vacancy/46464270,ООО Изобилие,Новосибирск,35500,,руб.
Делопроизводитель,https://hh.ru/vacancy/47098182,ОБУ Ледовая Арена Трактор,Челябинск,25000,,руб.
Специалист по работе с документами,https://hh.ru/vacancy/47084198,ФГУП РСВО,Санкт-Петербург,,32800,руб.
Специалист отдела документооборота,https://hh.ru/vacancy/46470476,ООО РЕГИОНПРОЕКТ,Иваново (Ивановская область),24000,28000,руб.
Специалист по работе с документами,https://hh.ru/vacancy/47043979,ИП Голованов Ярослав Николаевич,Пятигорск,32000,,руб.
Специалист по делопроизводству и работе с клиентами,https://hh.ru/vacancy/47030148,ООО НПП-Энергия,Новосибирск,30000,,руб.
Старший специалист по документообороту,https://hh.ru/vacancy/46947474,Билайн,Москва,,,
Делопроизводитель,https://hh.ru/vacancy/46958533,Фианит-ломбард,Челябинск,29000,,руб.
Специалист по работе с документами (Оператор ПК),https://hh.ru/vacancy/45612012,ООО Орб,Москва,45000,80000,руб.
Специалист по документообороту,https://hh.ru/vacancy/46944241,ООО Lamoda,Минск,,,
Специалист по документообороту,https://hh.ru/vacancy/46585844,Очаковская Логистическая Компания,Ростов-на-Дону,35000,,руб.
Менеджер-делопроизводитель,https://hh.ru/vacancy/47087965,ООО Ремстрой,Тюмень,30000,50000,руб.
Документовед,https://hh.ru/vacancy/46985037,"МГТК им. Л.А. Филатова, ГБОУ СПО",Москва,40000,50000,руб.
Секретарь-делопроизводитель,https://hh.ru/vacancy/47154154,ООО Уфимская нефтесервисная компания,Октябрьский (Республика Башкортостан),25000,,руб.
Секретарь-делопроизводитель/личный помощник,https://hh.ru/vacancy/47099444,ООО ВНИИСТРОМ-НВ,Люберцы,,50000,руб.
Специалист по делопроизводству,https://hh.ru/vacancy/47149287,ООО РЖД Тур,Москва,55000,55000,руб.
Специалист по документообороту,https://hh.ru/vacancy/47114392,"Би Си Ай,ООО",Хабаровск,37700,42900,руб.
Делопроизводитель,https://hh.ru/vacancy/47095698,ООО Студия Рацио,Москва,15000,20000,руб.
Секретарь-делопроизводитель,https://hh.ru/vacancy/46813656,СООО РЕМОНДИС Минск,Минск,1700,,бел.руб.
Делопроизводитель/архивариус (специалист),https://hh.ru/vacancy/47117428,ГБУ Республиканский центр мониторинга качества образования,Казань,25000,25000,руб.
Специалист по работе с документами,https://hh.ru/vacancy/46929512,Время Расцвета,Волгоград,30000,,руб.
Специалист по работе с документами,https://hh.ru/vacancy/47089391,ООО АКТОТРАНС,Набережные Челны,20000,35000,руб.
Специалист отдела документооборота,https://hh.ru/vacancy/46749993,Игроник,Москва,60000,60000,руб.
Делопроизводитель (неполный рабочий день),https://hh.ru/vacancy/46847946,LOGINOF,Москва,28600,28600,руб.
Специалист по документообороту / Делопроизводитель / Офис-менеджер,https://hh.ru/vacancy/47048812,GoldenSIM,Москва,50000,50000,руб.
Специалист по документообороту (Страхование),https://hh.ru/vacancy/47148744,Совкомбанк Страхование,Санкт-Петербург,,,
Специалист по документообороту,https://hh.ru/vacancy/47075680,ООО ТК Аванта,Тольятти,23000,25000,руб.
Ведущий специалист документооборота,https://hh.ru/vacancy/47109955,"ОТП Банк, АО (OTP bank)",Тверь,,,
Специалист по документообороту и финансовому контролю,https://hh.ru/vacancy/47086936,Esterk Lux Parfum,Москва,,,
Специалист по документообороту,https://hh.ru/vacancy/45637661,Delko,Набережные Челны,35000,,руб.
Специалист по документообороту,https://hh.ru/vacancy/46651955,ООО ТД ЕПК,Москва,,45760,руб.
Специалист по документообороту,https://hh.ru/vacancy/47093362,Свеза. Центральный Офис,Кострома,,,
Офис-менеджер/Секретарь-делопроизводитель,https://hh.ru/vacancy/46653055,ООО Тимсон,Москва,60000,,руб.
Специалист по документообороту/Архивариус (Усть-Луга),https://hh.ru/vacancy/47158109,ООО Ренейссанс Хэви Индастрис,Нур-Султан,,,
Специалист по документообороту,https://hh.ru/vacancy/47098426,АО РАСУ,Москва,,,
Делопроизводитель,https://hh.ru/vacancy/47089096,ТОО Востокцветмет ТОО,Усть-Каменогорск,,,
Специалист по документообороту / Оператор 1C,https://hh.ru/vacancy/46903590,ООО МЖС Груп,Москва,40000,50000,руб.
Делопроизводитель/специалист почтовой корреспонденции,https://hh.ru/vacancy/46708385,Банкирро,Саратов,8000,8000,руб.
Секретарь-делопроизводитель,https://hh.ru/vacancy/47110964,ООО ЖСК Восток,Самара,25000,30000,руб.
Делопроизводитель,https://hh.ru/vacancy/47146243,ООО Торговый дом Прайм,Ярославль,30000,,руб.
Делопроизводитель,https://hh.ru/vacancy/46981086,ООО Юрист Для Людей,Нижний Новгород,25000,,руб.
Специалист по поиску документов (архивист),https://hh.ru/vacancy/46422954,ООО РИКЦ,Москва,60000,,руб.
Специалист по документообороту,https://hh.ru/vacancy/46641636,Леруа Мерлен. Будущие открытия,Мытищи,,,
Делопроизводитель,https://hh.ru/vacancy/46893846,ООО РОСТТЕХПРОМ,Старая Купавна,45000,,руб.
Специалист - делопроизводитель,https://hh.ru/vacancy/46978826,Нижнеобское территориальное управление Федерального агентства по рыболовству,Тюмень,30000,30000,руб.
Делопроизводитель / специалист по договорам,https://hh.ru/vacancy/47094820,ООО ТК Олдис,Смоленск,30000,30000,руб.
Специалист по документообороту / Помощник бухгалтера,https://hh.ru/vacancy/46701062,ООО Асарта,Санкт-Петербург,35000,,руб.
Специалист по документообороту (архивация),https://hh.ru/vacancy/46799615,Леруа Мерлен. Будущие открытия,Мытищи,,,
Бухгалтер ( специалист по документообороту ),https://hh.ru/vacancy/46898540,ООО Бытовка МСК,Москва,50000,,руб.
Специалист ПТО-делопроизводитель,https://hh.ru/vacancy/47105280,ООО Сфера,Казань,45000,,руб.
Секретарь-делопроизводитель,https://hh.ru/vacancy/47074937,ФГБУ Управление Омскмелиоводхоз,Омск,17000,,руб.
Делопроизводитель,https://hh.ru/vacancy/47087761,Амур Минералс,Хабаровск,,35000,руб.
Секретарь-делопроизводитель,https://hh.ru/vacancy/46373404,ООО «ИГАС Инжиниринг»,Фрязино,35000,50000,руб.
Секретарь-делопроизводитель,https://hh.ru/vacancy/46519538,ООО Грузовой Союз,Люберцы,45000,65000,руб.
Специалист отдела документационного обеспечения,https://hh.ru/vacancy/47076954,ООО ПетроЭнергоКонтроль,Санкт-Петербург,37000,,руб.
Специалист по документообороту,https://hh.ru/vacancy/46749210,ООО ТК Приволжье-Транс,Нижний Новгород,30000,,руб.
Делопроизводитель,https://hh.ru/vacancy/47009588,ООО Юрист Для Людей,Казань,25000,,руб.
Делопроизводитель,https://hh.ru/vacancy/46940620,ООО СПЕКТРУМ,Москва,55000,,руб.
Делопроизводитель / Оформитель документов,https://hh.ru/vacancy/46835518,ООО Автосити-Нск,Новосибирск,45000,,руб.
Делопроизводитель,https://hh.ru/vacancy/47073329,ООО Компания Таймерс,Красноярск,25000,25000,руб.
Специалист по документообороту,https://hh.ru/vacancy/46374452,ООО Обоз,Одинцово,,45000,руб.
Специалист по работе с архивом,https://hh.ru/vacancy/47119651,Сбер для экспертов,Ярославль,,,
Специалист по документообороту в отдел складской и закупочной логистики,https://hh.ru/vacancy/47022767,АЗС ИРБИС,Казань,25000,40000,руб.
Специалист по документообороту,https://hh.ru/vacancy/46989914,ООО Спектр,Москва,50000,,руб.
Специалист по документообороту,https://hh.ru/vacancy/46929118,ООО Братскводстрой,Иркутск,30000,35000,руб.
Делопроизводитель / Менеджер по сопровождению договоров,https://hh.ru/vacancy/46927247,ООО ЗАГОРОД,Санкт-Петербург,40000,,руб.
Специалист по документообороту / Финансовый координатор,https://hh.ru/vacancy/46681228,DDB Russia,Москва,,,
Делопроизводитель,https://hh.ru/vacancy/47143234,ООО Терминал Западный,Калининград,,,
Специалист по электронному документообороту,https://hh.ru/vacancy/46934481,ООО Группа компаний ТАЛИНА,Саранск,,30000,руб.
Делопроизводитель,https://hh.ru/vacancy/46944585,ООО Юрист Для Людей,Новосибирск,25000,,руб.
